{"CameraX":677.7938842773438,"CameraY":522.7386474609375,"Nodes":{"3":{"X":673.0610961914063,"Y":1199.00439453125,"Type":"Router","IP":"0.0.0.1"},"4":{"X":997.8597412109375,"Y":944.0437622070313,"Type":"Router","IP":"0.0.0.2"},"5":{"X":1223.9716796875,"Y":1280.949462890625,"Type":"Router","IP":"0.0.0.3"},"6":{"X":695.8035888671875,"Y":971.14306640625,"Type":"Router","IP":"0.0.0.4"},"7":{"X":1505.0634765625,"Y":1026.1612548828125,"Type":"Router","IP":"0.0.0.5"},"8":{"X":1246.65185546875,"Y":1038.7044677734375,"Type":"Router","IP":"0.0.0.6"},"9":{"X":1293.4151611328125,"Y":766.6409301757813,"Type":"Router","IP":"0.0.0.7"}},"Edges":{"1":{"NodeA":4,"NodeB":8,"Speed":1},"2":{"NodeA":8,"NodeB":5,"Speed":1},"3":{"NodeA":5,"NodeB":7,"Speed":1},"4":{"NodeA":7,"NodeB":3,"Speed":2},"5":{"NodeA":6,"NodeB":4,"Speed":0},"6":{"NodeA":6,"NodeB":5,"Speed":0},"7":{"NodeA":9,"NodeB":7,"Speed":2}}}